REGION,TECHNOLOGY,MODE_OF_OPERATION,YEAR,VALUE
REGION1,LNDAGRBC1C01,52,2021,-2.0
REGION1,LNDAGRBC1C01,52,2022,-2.0
REGION1,LNDAGRBC1C01,52,2023,-3.0
REGION1,LNDAGRBC1C01,52,2024,-4.0
REGION1,LNDAGRBC1C01,52,2025,-4.0
REGION1,LNDAGRBC1C01,52,2026,-5.0
REGION1,LNDAGRBC1C01,52,2027,-6.0
REGION1,LNDAGRBC1C01,52,2028,-7.0
REGION1,LNDAGRBC1C01,52,2029,-7.0
REGION1,LNDAGRBC1C01,52,2030,-8.0
REGION1,LNDAGRBC1C01,52,2031,-8.0
REGION1,LNDAGRBC1C01,52,2032,-8.0
REGION1,LNDAGRBC1C01,52,2033,-8.0
REGION1,LNDAGRBC1C01,52,2034,-8.0
REGION1,LNDAGRBC1C01,52,2035,-8.0
REGION1,LNDAGRBC1C01,52,2036,-8.0
REGION1,LNDAGRBC1C01,52,2037,-8.0
REGION1,LNDAGRBC1C01,52,2038,-8.0
REGION1,LNDAGRBC1C01,52,2039,-8.0
REGION1,LNDAGRBC1C01,52,2040,-8.0
REGION1,LNDAGRBC1C01,52,2041,-8.0
REGION1,LNDAGRBC1C01,52,2042,-8.0
REGION1,LNDAGRBC1C01,52,2043,-8.0
REGION1,LNDAGRBC1C01,52,2044,-8.0
REGION1,LNDAGRBC1C01,52,2045,-8.0
REGION1,LNDAGRBC1C01,52,2046,-8.0
REGION1,LNDAGRBC1C01,52,2047,-8.0
REGION1,LNDAGRBC1C01,52,2048,-8.0
REGION1,LNDAGRBC1C01,52,2049,-8.0
REGION1,LNDAGRBC1C01,52,2050,-8.0
REGION1,LNDAGRBC1C02,52,2021,-2.0
REGION1,LNDAGRBC1C02,52,2022,-2.0
REGION1,LNDAGRBC1C02,52,2023,-3.0
REGION1,LNDAGRBC1C02,52,2024,-4.0
REGION1,LNDAGRBC1C02,52,2025,-4.0
REGION1,LNDAGRBC1C02,52,2026,-5.0
REGION1,LNDAGRBC1C02,52,2027,-6.0
REGION1,LNDAGRBC1C02,52,2028,-7.0
REGION1,LNDAGRBC1C02,52,2029,-7.0
REGION1,LNDAGRBC1C02,52,2030,-8.0
REGION1,LNDAGRBC1C02,52,2031,-8.0
REGION1,LNDAGRBC1C02,52,2032,-8.0
REGION1,LNDAGRBC1C02,52,2033,-8.0
REGION1,LNDAGRBC1C02,52,2034,-8.0
REGION1,LNDAGRBC1C02,52,2035,-8.0
REGION1,LNDAGRBC1C02,52,2036,-8.0
REGION1,LNDAGRBC1C02,52,2037,-8.0
REGION1,LNDAGRBC1C02,52,2038,-8.0
REGION1,LNDAGRBC1C02,52,2039,-8.0
REGION1,LNDAGRBC1C02,52,2040,-8.0
REGION1,LNDAGRBC1C02,52,2041,-8.0
REGION1,LNDAGRBC1C02,52,2042,-8.0
REGION1,LNDAGRBC1C02,52,2043,-8.0
REGION1,LNDAGRBC1C02,52,2044,-8.0
REGION1,LNDAGRBC1C02,52,2045,-8.0
REGION1,LNDAGRBC1C02,52,2046,-8.0
REGION1,LNDAGRBC1C02,52,2047,-8.0
REGION1,LNDAGRBC1C02,52,2048,-8.0
REGION1,LNDAGRBC1C02,52,2049,-8.0
REGION1,LNDAGRBC1C02,52,2050,-8.0
REGION1,LNDAGRBC1C03,52,2021,-2.0
REGION1,LNDAGRBC1C03,52,2022,-2.0
REGION1,LNDAGRBC1C03,52,2023,-3.0
REGION1,LNDAGRBC1C03,52,2024,-4.0
REGION1,LNDAGRBC1C03,52,2025,-4.0
REGION1,LNDAGRBC1C03,52,2026,-5.0
REGION1,LNDAGRBC1C03,52,2027,-6.0
REGION1,LNDAGRBC1C03,52,2028,-7.0
REGION1,LNDAGRBC1C03,52,2029,-7.0
REGION1,LNDAGRBC1C03,52,2030,-8.0
REGION1,LNDAGRBC1C03,52,2031,-8.0
REGION1,LNDAGRBC1C03,52,2032,-8.0
REGION1,LNDAGRBC1C03,52,2033,-8.0
REGION1,LNDAGRBC1C03,52,2034,-8.0
REGION1,LNDAGRBC1C03,52,2035,-8.0
REGION1,LNDAGRBC1C03,52,2036,-8.0
REGION1,LNDAGRBC1C03,52,2037,-8.0
REGION1,LNDAGRBC1C03,52,2038,-8.0
REGION1,LNDAGRBC1C03,52,2039,-8.0
REGION1,LNDAGRBC1C03,52,2040,-8.0
REGION1,LNDAGRBC1C03,52,2041,-8.0
REGION1,LNDAGRBC1C03,52,2042,-8.0
REGION1,LNDAGRBC1C03,52,2043,-8.0
REGION1,LNDAGRBC1C03,52,2044,-8.0
REGION1,LNDAGRBC1C03,52,2045,-8.0
REGION1,LNDAGRBC1C03,52,2046,-8.0
REGION1,LNDAGRBC1C03,52,2047,-8.0
REGION1,LNDAGRBC1C03,52,2048,-8.0
REGION1,LNDAGRBC1C03,52,2049,-8.0
REGION1,LNDAGRBC1C03,52,2050,-8.0
REGION1,LNDAGRBC1C04,52,2021,-2.0
REGION1,LNDAGRBC1C04,52,2022,-2.0
REGION1,LNDAGRBC1C04,52,2023,-3.0
REGION1,LNDAGRBC1C04,52,2024,-4.0
REGION1,LNDAGRBC1C04,52,2025,-4.0
REGION1,LNDAGRBC1C04,52,2026,-5.0
REGION1,LNDAGRBC1C04,52,2027,-6.0
REGION1,LNDAGRBC1C04,52,2028,-7.0
REGION1,LNDAGRBC1C04,52,2029,-7.0
REGION1,LNDAGRBC1C04,52,2030,-8.0
REGION1,LNDAGRBC1C04,52,2031,-8.0
REGION1,LNDAGRBC1C04,52,2032,-8.0
REGION1,LNDAGRBC1C04,52,2033,-8.0
REGION1,LNDAGRBC1C04,52,2034,-8.0
REGION1,LNDAGRBC1C04,52,2035,-8.0
REGION1,LNDAGRBC1C04,52,2036,-8.0
REGION1,LNDAGRBC1C04,52,2037,-8.0
REGION1,LNDAGRBC1C04,52,2038,-8.0
REGION1,LNDAGRBC1C04,52,2039,-8.0
REGION1,LNDAGRBC1C04,52,2040,-8.0
REGION1,LNDAGRBC1C04,52,2041,-8.0
REGION1,LNDAGRBC1C04,52,2042,-8.0
REGION1,LNDAGRBC1C04,52,2043,-8.0
REGION1,LNDAGRBC1C04,52,2044,-8.0
REGION1,LNDAGRBC1C04,52,2045,-8.0
REGION1,LNDAGRBC1C04,52,2046,-8.0
REGION1,LNDAGRBC1C04,52,2047,-8.0
REGION1,LNDAGRBC1C04,52,2048,-8.0
REGION1,LNDAGRBC1C04,52,2049,-8.0
REGION1,LNDAGRBC1C04,52,2050,-8.0
REGION1,LNDAGRBC1C05,52,2021,-2.0
REGION1,LNDAGRBC1C05,52,2022,-2.0
REGION1,LNDAGRBC1C05,52,2023,-3.0
REGION1,LNDAGRBC1C05,52,2024,-4.0
REGION1,LNDAGRBC1C05,52,2025,-4.0
REGION1,LNDAGRBC1C05,52,2026,-5.0
REGION1,LNDAGRBC1C05,52,2027,-6.0
REGION1,LNDAGRBC1C05,52,2028,-7.0
REGION1,LNDAGRBC1C05,52,2029,-7.0
REGION1,LNDAGRBC1C05,52,2030,-8.0
REGION1,LNDAGRBC1C05,52,2031,-8.0
REGION1,LNDAGRBC1C05,52,2032,-8.0
REGION1,LNDAGRBC1C05,52,2033,-8.0
REGION1,LNDAGRBC1C05,52,2034,-8.0
REGION1,LNDAGRBC1C05,52,2035,-8.0
REGION1,LNDAGRBC1C05,52,2036,-8.0
REGION1,LNDAGRBC1C05,52,2037,-8.0
REGION1,LNDAGRBC1C05,52,2038,-8.0
REGION1,LNDAGRBC1C05,52,2039,-8.0
REGION1,LNDAGRBC1C05,52,2040,-8.0
REGION1,LNDAGRBC1C05,52,2041,-8.0
REGION1,LNDAGRBC1C05,52,2042,-8.0
REGION1,LNDAGRBC1C05,52,2043,-8.0
REGION1,LNDAGRBC1C05,52,2044,-8.0
REGION1,LNDAGRBC1C05,52,2045,-8.0
REGION1,LNDAGRBC1C05,52,2046,-8.0
REGION1,LNDAGRBC1C05,52,2047,-8.0
REGION1,LNDAGRBC1C05,52,2048,-8.0
REGION1,LNDAGRBC1C05,52,2049,-8.0
REGION1,LNDAGRBC1C05,52,2050,-8.0
REGION1,LNDAGRBC1C06,52,2021,-2.0
REGION1,LNDAGRBC1C06,52,2022,-2.0
REGION1,LNDAGRBC1C06,52,2023,-3.0
REGION1,LNDAGRBC1C06,52,2024,-4.0
REGION1,LNDAGRBC1C06,52,2025,-4.0
REGION1,LNDAGRBC1C06,52,2026,-5.0
REGION1,LNDAGRBC1C06,52,2027,-6.0
REGION1,LNDAGRBC1C06,52,2028,-7.0
REGION1,LNDAGRBC1C06,52,2029,-7.0
REGION1,LNDAGRBC1C06,52,2030,-8.0
REGION1,LNDAGRBC1C06,52,2031,-8.0
REGION1,LNDAGRBC1C06,52,2032,-8.0
REGION1,LNDAGRBC1C06,52,2033,-8.0
REGION1,LNDAGRBC1C06,52,2034,-8.0
REGION1,LNDAGRBC1C06,52,2035,-8.0
REGION1,LNDAGRBC1C06,52,2036,-8.0
REGION1,LNDAGRBC1C06,52,2037,-8.0
REGION1,LNDAGRBC1C06,52,2038,-8.0
REGION1,LNDAGRBC1C06,52,2039,-8.0
REGION1,LNDAGRBC1C06,52,2040,-8.0
REGION1,LNDAGRBC1C06,52,2041,-8.0
REGION1,LNDAGRBC1C06,52,2042,-8.0
REGION1,LNDAGRBC1C06,52,2043,-8.0
REGION1,LNDAGRBC1C06,52,2044,-8.0
REGION1,LNDAGRBC1C06,52,2045,-8.0
REGION1,LNDAGRBC1C06,52,2046,-8.0
REGION1,LNDAGRBC1C06,52,2047,-8.0
REGION1,LNDAGRBC1C06,52,2048,-8.0
REGION1,LNDAGRBC1C06,52,2049,-8.0
REGION1,LNDAGRBC1C06,52,2050,-8.0
REGION1,LNDAGRBC1C07,52,2021,-2.0
REGION1,LNDAGRBC1C07,52,2022,-2.0
REGION1,LNDAGRBC1C07,52,2023,-3.0
REGION1,LNDAGRBC1C07,52,2024,-4.0
REGION1,LNDAGRBC1C07,52,2025,-4.0
REGION1,LNDAGRBC1C07,52,2026,-5.0
REGION1,LNDAGRBC1C07,52,2027,-6.0
REGION1,LNDAGRBC1C07,52,2028,-7.0
REGION1,LNDAGRBC1C07,52,2029,-7.0
REGION1,LNDAGRBC1C07,52,2030,-8.0
REGION1,LNDAGRBC1C07,52,2031,-8.0
REGION1,LNDAGRBC1C07,52,2032,-8.0
REGION1,LNDAGRBC1C07,52,2033,-8.0
REGION1,LNDAGRBC1C07,52,2034,-8.0
REGION1,LNDAGRBC1C07,52,2035,-8.0
REGION1,LNDAGRBC1C07,52,2036,-8.0
REGION1,LNDAGRBC1C07,52,2037,-8.0
REGION1,LNDAGRBC1C07,52,2038,-8.0
REGION1,LNDAGRBC1C07,52,2039,-8.0
REGION1,LNDAGRBC1C07,52,2040,-8.0
REGION1,LNDAGRBC1C07,52,2041,-8.0
REGION1,LNDAGRBC1C07,52,2042,-8.0
REGION1,LNDAGRBC1C07,52,2043,-8.0
REGION1,LNDAGRBC1C07,52,2044,-8.0
REGION1,LNDAGRBC1C07,52,2045,-8.0
REGION1,LNDAGRBC1C07,52,2046,-8.0
REGION1,LNDAGRBC1C07,52,2047,-8.0
REGION1,LNDAGRBC1C07,52,2048,-8.0
REGION1,LNDAGRBC1C07,52,2049,-8.0
REGION1,LNDAGRBC1C07,52,2050,-8.0
REGION1,MINCRU,1,2021,70.0
REGION1,MINCRU,1,2022,70.0
REGION1,MINCRU,1,2023,70.0
REGION1,MINCRU,1,2024,70.0
REGION1,MINCRU,1,2025,70.0
REGION1,MINCRU,1,2026,70.0
REGION1,MINCRU,1,2027,70.0
REGION1,MINCRU,1,2028,70.0
REGION1,MINCRU,1,2029,70.0
REGION1,MINCRU,1,2030,70.0
REGION1,MINCRU,1,2031,70.0
REGION1,MINCRU,1,2032,70.0
REGION1,MINCRU,1,2033,70.0
REGION1,MINCRU,1,2034,70.0
REGION1,MINCRU,1,2035,70.0
REGION1,MINCRU,1,2036,70.0
REGION1,MINCRU,1,2037,70.0
REGION1,MINCRU,1,2038,70.0
REGION1,MINCRU,1,2039,70.0
REGION1,MINCRU,1,2040,70.0
REGION1,MINCRU,1,2041,70.0
REGION1,MINCRU,1,2042,70.0
REGION1,MINCRU,1,2043,70.0
REGION1,MINCRU,1,2044,70.0
REGION1,MINCRU,1,2045,70.0
REGION1,MINCRU,1,2046,70.0
REGION1,MINCRU,1,2047,70.0
REGION1,MINCRU,1,2048,70.0
REGION1,MINCRU,1,2049,70.0
REGION1,MINCRU,1,2050,70.0
REGION1,MINNGS,1,2021,3.6
REGION1,MINNGS,1,2022,3.6
REGION1,MINNGS,1,2023,3.6
REGION1,MINNGS,1,2024,3.6
REGION1,MINNGS,1,2025,3.6
REGION1,MINNGS,1,2026,3.6
REGION1,MINNGS,1,2027,3.6
REGION1,MINNGS,1,2028,3.6
REGION1,MINNGS,1,2029,3.6
REGION1,MINNGS,1,2030,3.6
REGION1,MINNGS,1,2031,3.6325
REGION1,MINNGS,1,2032,3.665
REGION1,MINNGS,1,2033,3.6975
REGION1,MINNGS,1,2034,3.73
REGION1,MINNGS,1,2035,3.7625
REGION1,MINNGS,1,2036,3.795
REGION1,MINNGS,1,2037,3.8275
REGION1,MINNGS,1,2038,3.86
REGION1,MINNGS,1,2039,3.8925
REGION1,MINNGS,1,2040,3.925
REGION1,MINNGS,1,2041,3.9575
REGION1,MINNGS,1,2042,3.99
REGION1,MINNGS,1,2043,4.0225
REGION1,MINNGS,1,2044,4.055
REGION1,MINNGS,1,2045,4.0875
REGION1,MINNGS,1,2046,4.12
REGION1,MINNGS,1,2047,4.1525
REGION1,MINNGS,1,2048,4.185
REGION1,MINNGS,1,2049,4.2175
REGION1,MINNGS,1,2050,4.25
REGION1,MINURN,1,2021,1.6
REGION1,MINURN,1,2022,1.6
REGION1,MINURN,1,2023,1.6
REGION1,MINURN,1,2024,1.6
REGION1,MINURN,1,2025,1.6
REGION1,MINURN,1,2026,1.6
REGION1,MINURN,1,2027,1.6
REGION1,MINURN,1,2028,1.6
REGION1,MINURN,1,2029,1.6
REGION1,MINURN,1,2030,1.6
REGION1,MINURN,1,2031,1.6
REGION1,MINURN,1,2032,1.6
REGION1,MINURN,1,2033,1.6
REGION1,MINURN,1,2034,1.6
REGION1,MINURN,1,2035,1.6
REGION1,MINURN,1,2036,1.6
REGION1,MINURN,1,2037,1.6
REGION1,MINURN,1,2038,1.6
REGION1,MINURN,1,2039,1.6
REGION1,MINURN,1,2040,1.6
REGION1,MINURN,1,2041,1.6
REGION1,MINURN,1,2042,1.6
REGION1,MINURN,1,2043,1.6
REGION1,MINURN,1,2044,1.6
REGION1,MINURN,1,2045,1.6
REGION1,MINURN,1,2046,1.6
REGION1,MINURN,1,2047,1.6
REGION1,MINURN,1,2048,1.6
REGION1,MINURN,1,2049,1.6
REGION1,MINURN,1,2050,1.6
REGION1,PWRBIOB01,1,2021,4.83
REGION1,PWRBIOB01,1,2022,4.83
REGION1,PWRBIOB01,1,2023,4.83
REGION1,PWRBIOB01,1,2024,4.83
REGION1,PWRBIOB01,1,2025,4.83
REGION1,PWRBIOB01,1,2026,4.83
REGION1,PWRBIOB01,1,2027,4.83
REGION1,PWRBIOB01,1,2028,4.83
REGION1,PWRBIOB01,1,2029,4.83
REGION1,PWRBIOB01,1,2030,4.83
REGION1,PWRBIOB01,1,2031,4.83
REGION1,PWRBIOB01,1,2032,4.83
REGION1,PWRBIOB01,1,2033,4.83
REGION1,PWRBIOB01,1,2034,4.83
REGION1,PWRBIOB01,1,2035,4.83
REGION1,PWRBIOB01,1,2036,4.83
REGION1,PWRBIOB01,1,2037,4.83
REGION1,PWRBIOB01,1,2038,4.83
REGION1,PWRBIOB01,1,2039,4.83
REGION1,PWRBIOB01,1,2040,4.83
REGION1,PWRBIOB01,1,2041,4.83
REGION1,PWRBIOB01,1,2042,4.83
REGION1,PWRBIOB01,1,2043,4.83
REGION1,PWRBIOB01,1,2044,4.83
REGION1,PWRBIOB01,1,2045,4.83
REGION1,PWRBIOB01,1,2046,4.83
REGION1,PWRBIOB01,1,2047,4.83
REGION1,PWRBIOB01,1,2048,4.83
REGION1,PWRBIOB01,1,2049,4.83
REGION1,PWRBIOB01,1,2050,4.83
REGION1,PWRBIOB02,1,2021,4.83
REGION1,PWRBIOB02,1,2022,4.83
REGION1,PWRBIOB02,1,2023,4.83
REGION1,PWRBIOB02,1,2024,4.83
REGION1,PWRBIOB02,1,2025,4.83
REGION1,PWRBIOB02,1,2026,4.83
REGION1,PWRBIOB02,1,2027,4.83
REGION1,PWRBIOB02,1,2028,4.83
REGION1,PWRBIOB02,1,2029,4.83
REGION1,PWRBIOB02,1,2030,4.83
REGION1,PWRBIOB02,1,2031,4.83
REGION1,PWRBIOB02,1,2032,4.83
REGION1,PWRBIOB02,1,2033,4.83
REGION1,PWRBIOB02,1,2034,4.83
REGION1,PWRBIOB02,1,2035,4.83
REGION1,PWRBIOB02,1,2036,4.83
REGION1,PWRBIOB02,1,2037,4.83
REGION1,PWRBIOB02,1,2038,4.83
REGION1,PWRBIOB02,1,2039,4.83
REGION1,PWRBIOB02,1,2040,4.83
REGION1,PWRBIOB02,1,2041,4.83
REGION1,PWRBIOB02,1,2042,4.83
REGION1,PWRBIOB02,1,2043,4.83
REGION1,PWRBIOB02,1,2044,4.83
REGION1,PWRBIOB02,1,2045,4.83
REGION1,PWRBIOB02,1,2046,4.83
REGION1,PWRBIOB02,1,2047,4.83
REGION1,PWRBIOB02,1,2048,4.83
REGION1,PWRBIOB02,1,2049,4.83
REGION1,PWRBIOB02,1,2050,4.83
REGION1,PWRNGSB01,1,2021,4.96
REGION1,PWRNGSB01,1,2022,4.96
REGION1,PWRNGSB01,1,2023,4.96
REGION1,PWRNGSB01,1,2024,4.96
REGION1,PWRNGSB01,1,2025,4.96
REGION1,PWRNGSB01,1,2026,4.96
REGION1,PWRNGSB01,1,2027,4.96
REGION1,PWRNGSB01,1,2028,4.96
REGION1,PWRNGSB01,1,2029,4.96
REGION1,PWRNGSB01,1,2030,4.96
REGION1,PWRNGSB01,1,2031,4.96
REGION1,PWRNGSB01,1,2032,4.96
REGION1,PWRNGSB01,1,2033,4.96
REGION1,PWRNGSB01,1,2034,4.96
REGION1,PWRNGSB01,1,2035,4.96
REGION1,PWRNGSB01,1,2036,4.96
REGION1,PWRNGSB01,1,2037,4.96
REGION1,PWRNGSB01,1,2038,4.96
REGION1,PWRNGSB01,1,2039,4.96
REGION1,PWRNGSB01,1,2040,4.96
REGION1,PWRNGSB01,1,2041,4.96
REGION1,PWRNGSB01,1,2042,4.96
REGION1,PWRNGSB01,1,2043,4.96
REGION1,PWRNGSB01,1,2044,4.96
REGION1,PWRNGSB01,1,2045,4.96
REGION1,PWRNGSB01,1,2046,4.96
REGION1,PWRNGSB01,1,2047,4.96
REGION1,PWRNGSB01,1,2048,4.96
REGION1,PWRNGSB01,1,2049,4.96
REGION1,PWRNGSB01,1,2050,4.96
REGION1,PWRURNB01,1,2021,2.37
REGION1,PWRURNB01,1,2022,2.37
REGION1,PWRURNB01,1,2023,2.37
REGION1,PWRURNB01,1,2024,2.37
REGION1,PWRURNB01,1,2025,2.37
REGION1,PWRURNB01,1,2026,2.37
REGION1,PWRURNB01,1,2027,2.37
REGION1,PWRURNB01,1,2028,2.37
REGION1,PWRURNB01,1,2029,2.37
REGION1,PWRURNB01,1,2030,2.37
REGION1,PWRURNB01,1,2031,2.37
REGION1,PWRURNB01,1,2032,2.37
REGION1,PWRURNB01,1,2033,2.37
REGION1,PWRURNB01,1,2034,2.37
REGION1,PWRURNB01,1,2035,2.37
REGION1,PWRURNB01,1,2036,2.37
REGION1,PWRURNB01,1,2037,2.37
REGION1,PWRURNB01,1,2038,2.37
REGION1,PWRURNB01,1,2039,2.37
REGION1,PWRURNB01,1,2040,2.37
REGION1,PWRURNB01,1,2041,2.37
REGION1,PWRURNB01,1,2042,2.37
REGION1,PWRURNB01,1,2043,2.37
REGION1,PWRURNB01,1,2044,2.37
REGION1,PWRURNB01,1,2045,2.37
REGION1,PWRURNB01,1,2046,2.37
REGION1,PWRURNB01,1,2047,2.37
REGION1,PWRURNB01,1,2048,2.37
REGION1,PWRURNB01,1,2049,2.37
REGION1,PWRURNB01,1,2050,2.37
REGION1,PWRNGSB02,1,2021,4.96
REGION1,PWRNGSB02,1,2022,4.96
REGION1,PWRNGSB02,1,2023,4.96
REGION1,PWRNGSB02,1,2024,4.96
REGION1,PWRNGSB02,1,2025,4.96
REGION1,PWRNGSB02,1,2026,4.96
REGION1,PWRNGSB02,1,2027,4.96
REGION1,PWRNGSB02,1,2028,4.96
REGION1,PWRNGSB02,1,2029,4.96
REGION1,PWRNGSB02,1,2030,4.96
REGION1,PWRNGSB02,1,2031,4.96
REGION1,PWRNGSB02,1,2032,4.96
REGION1,PWRNGSB02,1,2033,4.96
REGION1,PWRNGSB02,1,2034,4.96
REGION1,PWRNGSB02,1,2035,4.96
REGION1,PWRNGSB02,1,2036,4.96
REGION1,PWRNGSB02,1,2037,4.96
REGION1,PWRNGSB02,1,2038,4.96
REGION1,PWRNGSB02,1,2039,4.96
REGION1,PWRNGSB02,1,2040,4.96
REGION1,PWRNGSB02,1,2041,4.96
REGION1,PWRNGSB02,1,2042,4.96
REGION1,PWRNGSB02,1,2043,4.96
REGION1,PWRNGSB02,1,2044,4.96
REGION1,PWRNGSB02,1,2045,4.96
REGION1,PWRNGSB02,1,2046,4.96
REGION1,PWRNGSB02,1,2047,4.96
REGION1,PWRNGSB02,1,2048,4.96
REGION1,PWRNGSB02,1,2049,4.96
REGION1,PWRNGSB02,1,2050,4.96
REGION1,PWRTRNB01,1,2021,0.01
REGION1,PWRTRNB01,1,2022,0.01
REGION1,PWRTRNB01,1,2023,0.01
REGION1,PWRTRNB01,1,2024,0.01
REGION1,PWRTRNB01,1,2025,0.01
REGION1,PWRTRNB01,1,2026,0.01
REGION1,PWRTRNB01,1,2027,0.01
REGION1,PWRTRNB01,1,2028,0.01
REGION1,PWRTRNB01,1,2029,0.01
REGION1,PWRTRNB01,1,2030,0.01
REGION1,PWRTRNB01,1,2031,0.01
REGION1,PWRTRNB01,1,2032,0.01
REGION1,PWRTRNB01,1,2033,0.01
REGION1,PWRTRNB01,1,2034,0.01
REGION1,PWRTRNB01,1,2035,0.01
REGION1,PWRTRNB01,1,2036,0.01
REGION1,PWRTRNB01,1,2037,0.01
REGION1,PWRTRNB01,1,2038,0.01
REGION1,PWRTRNB01,1,2039,0.01
REGION1,PWRTRNB01,1,2040,0.01
REGION1,PWRTRNB01,1,2041,0.01
REGION1,PWRTRNB01,1,2042,0.01
REGION1,PWRTRNB01,1,2043,0.01
REGION1,PWRTRNB01,1,2044,0.01
REGION1,PWRTRNB01,1,2045,0.01
REGION1,PWRTRNB01,1,2046,0.01
REGION1,PWRTRNB01,1,2047,0.01
REGION1,PWRTRNB01,1,2048,0.01
REGION1,PWRTRNB01,1,2049,0.01
REGION1,PWRTRNB01,1,2050,0.01
REGION1,LVSHRDBEFNBC1,58,2021,0.573
REGION1,LVSHRDBEFNBC1,58,2022,0.573
REGION1,LVSHRDBEFNBC1,58,2023,0.573
REGION1,LVSHRDBEFNBC1,58,2024,0.573
REGION1,LVSHRDBEFNBC1,58,2025,0.573
REGION1,LVSHRDBEFNBC1,58,2026,0.573
REGION1,LVSHRDBEFNBC1,58,2027,0.573
REGION1,LVSHRDBEFNBC1,58,2028,0.573
REGION1,LVSHRDBEFNBC1,58,2029,0.573
REGION1,LVSHRDBEFNBC1,58,2030,0.573
REGION1,LVSHRDBEFNBC1,58,2031,0.573
REGION1,LVSHRDBEFNBC1,58,2032,0.573
REGION1,LVSHRDBEFNBC1,58,2033,0.573
REGION1,LVSHRDBEFNBC1,58,2034,0.573
REGION1,LVSHRDBEFNBC1,58,2035,0.573
REGION1,LVSHRDBEFNBC1,58,2036,0.573
REGION1,LVSHRDBEFNBC1,58,2037,0.573
REGION1,LVSHRDBEFNBC1,58,2038,0.573
REGION1,LVSHRDBEFNBC1,58,2039,0.573
REGION1,LVSHRDBEFNBC1,58,2040,0.573
REGION1,LVSHRDBEFNBC1,58,2041,0.573
REGION1,LVSHRDBEFNBC1,58,2042,0.573
REGION1,LVSHRDBEFNBC1,58,2043,0.573
REGION1,LVSHRDBEFNBC1,58,2044,0.573
REGION1,LVSHRDBEFNBC1,58,2045,0.573
REGION1,LVSHRDBEFNBC1,58,2046,0.573
REGION1,LVSHRDBEFNBC1,58,2047,0.573
REGION1,LVSHRDBEFNBC1,58,2048,0.573
REGION1,LVSHRDBEFNBC1,58,2049,0.573
REGION1,LVSHRDBEFNBC1,58,2050,0.573
REGION1,LVSHRDBEFCBC1,59,2021,0.711
REGION1,LVSHRDBEFCBC1,59,2022,0.711
REGION1,LVSHRDBEFCBC1,59,2023,0.711
REGION1,LVSHRDBEFCBC1,59,2024,0.711
REGION1,LVSHRDBEFCBC1,59,2025,0.711
REGION1,LVSHRDBEFCBC1,59,2026,0.711
REGION1,LVSHRDBEFCBC1,59,2027,0.711
REGION1,LVSHRDBEFCBC1,59,2028,0.711
REGION1,LVSHRDBEFCBC1,59,2029,0.711
REGION1,LVSHRDBEFCBC1,59,2030,0.711
REGION1,LVSHRDBEFCBC1,59,2031,0.711
REGION1,LVSHRDBEFCBC1,59,2032,0.711
REGION1,LVSHRDBEFCBC1,59,2033,0.711
REGION1,LVSHRDBEFCBC1,59,2034,0.711
REGION1,LVSHRDBEFCBC1,59,2035,0.711
REGION1,LVSHRDBEFCBC1,59,2036,0.711
REGION1,LVSHRDBEFCBC1,59,2037,0.711
REGION1,LVSHRDBEFCBC1,59,2038,0.711
REGION1,LVSHRDBEFCBC1,59,2039,0.711
REGION1,LVSHRDBEFCBC1,59,2040,0.711
REGION1,LVSHRDBEFCBC1,59,2041,0.711
REGION1,LVSHRDBEFCBC1,59,2042,0.711
REGION1,LVSHRDBEFCBC1,59,2043,0.711
REGION1,LVSHRDBEFCBC1,59,2044,0.711
REGION1,LVSHRDBEFCBC1,59,2045,0.711
REGION1,LVSHRDBEFCBC1,59,2046,0.711
REGION1,LVSHRDBEFCBC1,59,2047,0.711
REGION1,LVSHRDBEFCBC1,59,2048,0.711
REGION1,LVSHRDBEFCBC1,59,2049,0.711
REGION1,LVSHRDBEFCBC1,59,2050,0.711
REGION1,LVSHRDMILBC1,60,2021,4.5
REGION1,LVSHRDMILBC1,60,2022,4.5
REGION1,LVSHRDMILBC1,60,2023,4.5
REGION1,LVSHRDMILBC1,60,2024,4.5
REGION1,LVSHRDMILBC1,60,2025,4.5
REGION1,LVSHRDMILBC1,60,2026,4.5
REGION1,LVSHRDMILBC1,60,2027,4.5
REGION1,LVSHRDMILBC1,60,2028,4.5
REGION1,LVSHRDMILBC1,60,2029,4.5
REGION1,LVSHRDMILBC1,60,2030,4.5
REGION1,LVSHRDMILBC1,60,2031,4.5
REGION1,LVSHRDMILBC1,60,2032,4.5
REGION1,LVSHRDMILBC1,60,2033,4.5
REGION1,LVSHRDMILBC1,60,2034,4.5
REGION1,LVSHRDMILBC1,60,2035,4.5
REGION1,LVSHRDMILBC1,60,2036,4.5
REGION1,LVSHRDMILBC1,60,2037,4.5
REGION1,LVSHRDMILBC1,60,2038,4.5
REGION1,LVSHRDMILBC1,60,2039,4.5
REGION1,LVSHRDMILBC1,60,2040,4.5
REGION1,LVSHRDMILBC1,60,2041,4.5
REGION1,LVSHRDMILBC1,60,2042,4.5
REGION1,LVSHRDMILBC1,60,2043,4.5
REGION1,LVSHRDMILBC1,60,2044,4.5
REGION1,LVSHRDMILBC1,60,2045,4.5
REGION1,LVSHRDMILBC1,60,2046,4.5
REGION1,LVSHRDMILBC1,60,2047,4.5
REGION1,LVSHRDMILBC1,60,2048,4.5
REGION1,LVSHRDMILBC1,60,2049,4.5
REGION1,LVSHRDMILBC1,60,2050,4.5
REGION1,LVSHRDPIGBC1,61,2021,0.245
REGION1,LVSHRDPIGBC1,61,2022,0.245
REGION1,LVSHRDPIGBC1,61,2023,0.245
REGION1,LVSHRDPIGBC1,61,2024,0.245
REGION1,LVSHRDPIGBC1,61,2025,0.245
REGION1,LVSHRDPIGBC1,61,2026,0.245
REGION1,LVSHRDPIGBC1,61,2027,0.245
REGION1,LVSHRDPIGBC1,61,2028,0.245
REGION1,LVSHRDPIGBC1,61,2029,0.245
REGION1,LVSHRDPIGBC1,61,2030,0.245
REGION1,LVSHRDPIGBC1,61,2031,0.245
REGION1,LVSHRDPIGBC1,61,2032,0.245
REGION1,LVSHRDPIGBC1,61,2033,0.245
REGION1,LVSHRDPIGBC1,61,2034,0.245
REGION1,LVSHRDPIGBC1,61,2035,0.245
REGION1,LVSHRDPIGBC1,61,2036,0.245
REGION1,LVSHRDPIGBC1,61,2037,0.245
REGION1,LVSHRDPIGBC1,61,2038,0.245
REGION1,LVSHRDPIGBC1,61,2039,0.245
REGION1,LVSHRDPIGBC1,61,2040,0.245
REGION1,LVSHRDPIGBC1,61,2041,0.245
REGION1,LVSHRDPIGBC1,61,2042,0.245
REGION1,LVSHRDPIGBC1,61,2043,0.245
REGION1,LVSHRDPIGBC1,61,2044,0.245
REGION1,LVSHRDPIGBC1,61,2045,0.245
REGION1,LVSHRDPIGBC1,61,2046,0.245
REGION1,LVSHRDPIGBC1,61,2047,0.245
REGION1,LVSHRDPIGBC1,61,2048,0.245
REGION1,LVSHRDPIGBC1,61,2049,0.245
REGION1,LVSHRDPIGBC1,61,2050,0.245
REGION1,LVSHRDSHPBC1,62,2021,0.16
REGION1,LVSHRDSHPBC1,62,2022,0.16
REGION1,LVSHRDSHPBC1,62,2023,0.16
REGION1,LVSHRDSHPBC1,62,2024,0.16
REGION1,LVSHRDSHPBC1,62,2025,0.16
REGION1,LVSHRDSHPBC1,62,2026,0.16
REGION1,LVSHRDSHPBC1,62,2027,0.16
REGION1,LVSHRDSHPBC1,62,2028,0.16
REGION1,LVSHRDSHPBC1,62,2029,0.16
REGION1,LVSHRDSHPBC1,62,2030,0.16
REGION1,LVSHRDSHPBC1,62,2031,0.16
REGION1,LVSHRDSHPBC1,62,2032,0.16
REGION1,LVSHRDSHPBC1,62,2033,0.16
REGION1,LVSHRDSHPBC1,62,2034,0.16
REGION1,LVSHRDSHPBC1,62,2035,0.16
REGION1,LVSHRDSHPBC1,62,2036,0.16
REGION1,LVSHRDSHPBC1,62,2037,0.16
REGION1,LVSHRDSHPBC1,62,2038,0.16
REGION1,LVSHRDSHPBC1,62,2039,0.16
REGION1,LVSHRDSHPBC1,62,2040,0.16
REGION1,LVSHRDSHPBC1,62,2041,0.16
REGION1,LVSHRDSHPBC1,62,2042,0.16
REGION1,LVSHRDSHPBC1,62,2043,0.16
REGION1,LVSHRDSHPBC1,62,2044,0.16
REGION1,LVSHRDSHPBC1,62,2045,0.16
REGION1,LVSHRDSHPBC1,62,2046,0.16
REGION1,LVSHRDSHPBC1,62,2047,0.16
REGION1,LVSHRDSHPBC1,62,2048,0.16
REGION1,LVSHRDSHPBC1,62,2049,0.16
REGION1,LVSHRDSHPBC1,62,2050,0.16
